Tool,Internal ID,Platform,Scene,Available Device Templates,Available Themes,Implemented,Renderer,Editor,Media,Animation,Export,Tests,Research Complete,Asset License Verified,Known Limitations,Status
"AI Chat Chat Mockup","ai-chat-chat-mockup","ai-chat","chat","Registry","light, dark, system","true","Shared Mockups renderer + platform adapter","Shared editor","Structured media engine","Deterministic timeline","SVG/PNG/JPG/WebP + animated pipeline","Focused Mockups suite","true","false","Full browser golden, asset-license, security/accessibility and provider-version verification remain required.","INCOMPLETE — implementation present; final quality gate not yet passed"
"AI Chat Conversation Mockup","ai-chat-conversation-mockup","ai-chat","conversation","Registry","light, dark, system","true","Shared Mockups renderer + platform adapter","Shared editor","Structured media engine","Deterministic timeline","SVG/PNG/JPG/WebP + animated pipeline","Focused Mockups suite","true","false","Full browser golden, asset-license, security/accessibility and provider-version verification remain required.","INCOMPLETE — implementation present; final quality gate not yet passed"
"AI Chat Group Chat Mockup","ai-chat-group-chat-mockup","ai-chat","group","Registry","light, dark, system","true","Shared Mockups renderer + platform adapter","Shared editor","Structured media engine","Deterministic timeline","SVG/PNG/JPG/WebP + animated pipeline","Focused Mockups suite","true","false","Full browser golden, asset-license, security/accessibility and provider-version verification remain required.","INCOMPLETE — implementation present; final quality gate not yet passed"
"AI Chat Mockup Mockup","ai-chat-mockup","ai-chat","chat","Registry","light, dark, system","true","Shared Mockups renderer + platform adapter","Shared editor","Structured media engine","Deterministic timeline","SVG/PNG/JPG/WebP + animated pipeline","Focused Mockups suite","true","false","Full browser golden, asset-license, security/accessibility and provider-version verification remain required.","INCOMPLETE — implementation present; final quality gate not yet passed"
"AI Chat Notification Mockup","ai-chat-notification-mockup","ai-chat","notification","Registry","light, dark, system","true","Shared Mockups renderer + platform adapter","Shared editor","Structured media engine","Deterministic timeline","SVG/PNG/JPG/WebP + animated pipeline","Focused Mockups suite","true","false","Full browser golden, asset-license, security/accessibility and provider-version verification remain required.","INCOMPLETE — implementation present; final quality gate not yet passed"
"AI Chat Read Receipt Mockup","ai-chat-read-receipt-mockup","ai-chat","receipt","Registry","light, dark, system","true","Shared Mockups renderer + platform adapter","Shared editor","Structured media engine","Deterministic timeline","SVG/PNG/JPG/WebP + animated pipeline","Focused Mockups suite","true","false","Full browser golden, asset-license, security/accessibility and provider-version verification remain required.","INCOMPLETE — implementation present; final quality gate not yet passed"
"AI Chat Typing Indicator Mockup","ai-chat-typing-indicator-mockup","ai-chat","typing","Registry","light, dark, system","true","Shared Mockups renderer + platform adapter","Shared editor","Structured media engine","Deterministic timeline","SVG/PNG/JPG/WebP + animated pipeline","Focused Mockups suite","true","false","Full browser golden, asset-license, security/accessibility and provider-version verification remain required.","INCOMPLETE — implementation present; final quality gate not yet passed"
"AI Chat Video Call Mockup","ai-chat-video-call-mockup","ai-chat","video","Registry","light, dark, system","true","Shared Mockups renderer + platform adapter","Shared editor","Structured media engine","Deterministic timeline","SVG/PNG/JPG/WebP + animated pipeline","Focused Mockups suite","true","false","Full browser golden, asset-license, security/accessibility and provider-version verification remain required.","INCOMPLETE — implementation present; final quality gate not yet passed"
"AI Chat Voice Note Mockup","ai-chat-voice-note-mockup","ai-chat","voice","Registry","light, dark, system","true","Shared Mockups renderer + platform adapter","Shared editor","Structured media engine","Deterministic timeline","SVG/PNG/JPG/WebP + animated pipeline","Focused Mockups suite","true","false","Full browser golden, asset-license, security/accessibility and provider-version verification remain required.","INCOMPLETE — implementation present; final quality gate not yet passed"
"Discord Chat Mockup","discord-chat-mockup","discord","chat","Registry","light, dark, system","true","Shared Mockups renderer + platform adapter","Shared editor","Structured media engine","Deterministic timeline","SVG/PNG/JPG/WebP + animated pipeline","Focused Mockups suite","true","false","Full browser golden, asset-license, security/accessibility and provider-version verification remain required.","INCOMPLETE — implementation present; final quality gate not yet passed"
"Discord Conversation Mockup","discord-conversation-mockup","discord","conversation","Registry","light, dark, system","true","Shared Mockups renderer + platform adapter","Shared editor","Structured media engine","Deterministic timeline","SVG/PNG/JPG/WebP + animated pipeline","Focused Mockups suite","true","false","Full browser golden, asset-license, security/accessibility and provider-version verification remain required.","INCOMPLETE — implementation present; final quality gate not yet passed"
"Discord Group Chat Mockup","discord-group-chat-mockup","discord","group","Registry","light, dark, system","true","Shared Mockups renderer + platform adapter","Shared editor","Structured media engine","Deterministic timeline","SVG/PNG/JPG/WebP + animated pipeline","Focused Mockups suite","true","false","Full browser golden, asset-license, security/accessibility and provider-version verification remain required.","INCOMPLETE — implementation present; final quality gate not yet passed"
"Discord Mockup","discord-mockup","discord","chat","Registry","light, dark, system","true","Shared Mockups renderer + platform adapter","Shared editor","Structured media engine","Deterministic timeline","SVG/PNG/JPG/WebP + animated pipeline","Focused Mockups suite","true","false","Full browser golden, asset-license, security/accessibility and provider-version verification remain required.","INCOMPLETE — implementation present; final quality gate not yet passed"
"Discord Notification Mockup","discord-notification-mockup","discord","notification","Registry","light, dark, system","true","Shared Mockups renderer + platform adapter","Shared editor","Structured media engine","Deterministic timeline","SVG/PNG/JPG/WebP + animated pipeline","Focused Mockups suite","true","false","Full browser golden, asset-license, security/accessibility and provider-version verification remain required.","INCOMPLETE — implementation present; final quality gate not yet passed"
"Discord Read Receipt Mockup","discord-read-receipt-mockup","discord","receipt","Registry","light, dark, system","true","Shared Mockups renderer + platform adapter","Shared editor","Structured media engine","Deterministic timeline","SVG/PNG/JPG/WebP + animated pipeline","Focused Mockups suite","true","false","Full browser golden, asset-license, security/accessibility and provider-version verification remain required.","INCOMPLETE — implementation present; final quality gate not yet passed"
"Discord Typing Indicator Mockup","discord-typing-indicator-mockup","discord","typing","Registry","light, dark, system","true","Shared Mockups renderer + platform adapter","Shared editor","Structured media engine","Deterministic timeline","SVG/PNG/JPG/WebP + animated pipeline","Focused Mockups suite","true","false","Full browser golden, asset-license, security/accessibility and provider-version verification remain required.","INCOMPLETE — implementation present; final quality gate not yet passed"
"Discord Video Call Mockup","discord-video-call-mockup","discord","video","Registry","light, dark, system","true","Shared Mockups renderer + platform adapter","Shared editor","Structured media engine","Deterministic timeline","SVG/PNG/JPG/WebP + animated pipeline","Focused Mockups suite","true","false","Full browser golden, asset-license, security/accessibility and provider-version verification remain required.","INCOMPLETE — implementation present; final quality gate not yet passed"
"Discord Voice Note Mockup","discord-voice-note-mockup","discord","voice","Registry","light, dark, system","true","Shared Mockups renderer + platform adapter","Shared editor","Structured media engine","Deterministic timeline","SVG/PNG/JPG/WebP + animated pipeline","Focused Mockups suite","true","false","Full browser golden, asset-license, security/accessibility and provider-version verification remain required.","INCOMPLETE — implementation present; final quality gate not yet passed"
"Email Chat Mockup","email-chat-mockup","email","chat","Registry","light, dark, system","true","Shared Mockups renderer + platform adapter","Shared editor","Structured media engine","Deterministic timeline","SVG/PNG/JPG/WebP + animated pipeline","Focused Mockups suite","true","false","Full browser golden, asset-license, security/accessibility and provider-version verification remain required.","INCOMPLETE — implementation present; final quality gate not yet passed"
"Email Conversation Mockup","email-conversation-mockup","email","conversation","Registry","light, dark, system","true","Shared Mockups renderer + platform adapter","Shared editor","Structured media engine","Deterministic timeline","SVG/PNG/JPG/WebP + animated pipeline","Focused Mockups suite","true","false","Full browser golden, asset-license, security/accessibility and provider-version verification remain required.","INCOMPLETE — implementation present; final quality gate not yet passed"
"Email Group Chat Mockup","email-group-chat-mockup","email","group","Registry","light, dark, system","true","Shared Mockups renderer + platform adapter","Shared editor","Structured media engine","Deterministic timeline","SVG/PNG/JPG/WebP + animated pipeline","Focused Mockups suite","true","false","Full browser golden, asset-license, security/accessibility and provider-version verification remain required.","INCOMPLETE — implementation present; final quality gate not yet passed"
"Email Notification Mockup","email-notification-mockup","email","notification","Registry","light, dark, system","true","Shared Mockups renderer + platform adapter","Shared editor","Structured media engine","Deterministic timeline","SVG/PNG/JPG/WebP + animated pipeline","Focused Mockups suite","true","false","Full browser golden, asset-license, security/accessibility and provider-version verification remain required.","INCOMPLETE — implementation present; final quality gate not yet passed"
"Email Read Receipt Mockup","email-read-receipt-mockup","email","receipt","Registry","light, dark, system","true","Shared Mockups renderer + platform adapter","Shared editor","Structured media engine","Deterministic timeline","SVG/PNG/JPG/WebP + animated pipeline","Focused Mockups suite","true","false","Full browser golden, asset-license, security/accessibility and provider-version verification remain required.","INCOMPLETE — implementation present; final quality gate not yet passed"
"Email Typing Indicator Mockup","email-typing-indicator-mockup","email","typing","Registry","light, dark, system","true","Shared Mockups renderer + platform adapter","Shared editor","Structured media engine","Deterministic timeline","SVG/PNG/JPG/WebP + animated pipeline","Focused Mockups suite","true","false","Full browser golden, asset-license, security/accessibility and provider-version verification remain required.","INCOMPLETE — implementation present; final quality gate not yet passed"
"Email Video Call Mockup","email-video-call-mockup","email","video","Registry","light, dark, system","true","Shared Mockups renderer + platform adapter","Shared editor","Structured media engine","Deterministic timeline","SVG/PNG/JPG/WebP + animated pipeline","Focused Mockups suite","true","false","Full browser golden, asset-license, security/accessibility and provider-version verification remain required.","INCOMPLETE — implementation present; final quality gate not yet passed"
"Email Voice Note Mockup","email-voice-note-mockup","email","voice","Registry","light, dark, system","true","Shared Mockups renderer + platform adapter","Shared editor","Structured media engine","Deterministic timeline","SVG/PNG/JPG/WebP + animated pipeline","Focused Mockups suite","true","false","Full browser golden, asset-license, security/accessibility and provider-version verification remain required.","INCOMPLETE — implementation present; final quality gate not yet passed"
"Facebook Messenger Mockup","messenger-mockup","messenger","chat","Registry","light, dark, system","true","Shared Mockups renderer + platform adapter","Shared editor","Structured media engine","Deterministic timeline","SVG/PNG/JPG/WebP + animated pipeline","Focused Mockups suite","true","false","Full browser golden, asset-license, security/accessibility and provider-version verification remain required.","INCOMPLETE — implementation present; final quality gate not yet passed"
"Facebook Post Mockup","facebook-post-mockup","facebook-post","post","Registry","light, dark, system","true","Shared Mockups renderer + platform adapter","Shared editor","Structured media engine","Deterministic timeline","SVG/PNG/JPG/WebP + animated pipeline","Focused Mockups suite","true","false","Full browser golden, asset-license, security/accessibility and provider-version verification remain required.","INCOMPLETE — implementation present; final quality gate not yet passed"
"Gmail Chat Mockup","gmail-chat-mockup","gmail","chat","Registry","light, dark, system","true","Shared Mockups renderer + platform adapter","Shared editor","Structured media engine","Deterministic timeline","SVG/PNG/JPG/WebP + animated pipeline","Focused Mockups suite","true","false","Full browser golden, asset-license, security/accessibility and provider-version verification remain required.","INCOMPLETE — implementation present; final quality gate not yet passed"
"Gmail Conversation Mockup","gmail-conversation-mockup","gmail","conversation","Registry","light, dark, system","true","Shared Mockups renderer + platform adapter","Shared editor","Structured media engine","Deterministic timeline","SVG/PNG/JPG/WebP + animated pipeline","Focused Mockups suite","true","false","Full browser golden, asset-license, security/accessibility and provider-version verification remain required.","INCOMPLETE — implementation present; final quality gate not yet passed"
"Gmail Group Chat Mockup","gmail-group-chat-mockup","gmail","group","Registry","light, dark, system","true","Shared Mockups renderer + platform adapter","Shared editor","Structured media engine","Deterministic timeline","SVG/PNG/JPG/WebP + animated pipeline","Focused Mockups suite","true","false","Full browser golden, asset-license, security/accessibility and provider-version verification remain required.","INCOMPLETE — implementation present; final quality gate not yet passed"
"Gmail Notification Mockup","gmail-notification-mockup","gmail","notification","Registry","light, dark, system","true","Shared Mockups renderer + platform adapter","Shared editor","Structured media engine","Deterministic timeline","SVG/PNG/JPG/WebP + animated pipeline","Focused Mockups suite","true","false","Full browser golden, asset-license, security/accessibility and provider-version verification remain required.","INCOMPLETE — implementation present; final quality gate not yet passed"
"Gmail Read Receipt Mockup","gmail-read-receipt-mockup","gmail","receipt","Registry","light, dark, system","true","Shared Mockups renderer + platform adapter","Shared editor","Structured media engine","Deterministic timeline","SVG/PNG/JPG/WebP + animated pipeline","Focused Mockups suite","true","false","Full browser golden, asset-license, security/accessibility and provider-version verification remain required.","INCOMPLETE — implementation present; final quality gate not yet passed"
"Gmail Typing Indicator Mockup","gmail-typing-indicator-mockup","gmail","typing","Registry","light, dark, system","true","Shared Mockups renderer + platform adapter","Shared editor","Structured media engine","Deterministic timeline","SVG/PNG/JPG/WebP + animated pipeline","Focused Mockups suite","true","false","Full browser golden, asset-license, security/accessibility and provider-version verification remain required.","INCOMPLETE — implementation present; final quality gate not yet passed"
"Gmail Video Call Mockup","gmail-video-call-mockup","gmail","video","Registry","light, dark, system","true","Shared Mockups renderer + platform adapter","Shared editor","Structured media engine","Deterministic timeline","SVG/PNG/JPG/WebP + animated pipeline","Focused Mockups suite","true","false","Full browser golden, asset-license, security/accessibility and provider-version verification remain required.","INCOMPLETE — implementation present; final quality gate not yet passed"
"Gmail Voice Note Mockup","gmail-voice-note-mockup","gmail","voice","Registry","light, dark, system","true","Shared Mockups renderer + platform adapter","Shared editor","Structured media engine","Deterministic timeline","SVG/PNG/JPG/WebP + animated pipeline","Focused Mockups suite","true","false","Full browser golden, asset-license, security/accessibility and provider-version verification remain required.","INCOMPLETE — implementation present; final quality gate not yet passed"
"Google Messages Chat Mockup","google-messages-chat-mockup","google-messages","chat","Registry","light, dark, system","true","Shared Mockups renderer + platform adapter","Shared editor","Structured media engine","Deterministic timeline","SVG/PNG/JPG/WebP + animated pipeline","Focused Mockups suite","true","false","Full browser golden, asset-license, security/accessibility and provider-version verification remain required.","INCOMPLETE — implementation present; final quality gate not yet passed"
"Google Messages Conversation Mockup","google-messages-conversation-mockup","google-messages","conversation","Registry","light, dark, system","true","Shared Mockups renderer + platform adapter","Shared editor","Structured media engine","Deterministic timeline","SVG/PNG/JPG/WebP + animated pipeline","Focused Mockups suite","true","false","Full browser golden, asset-license, security/accessibility and provider-version verification remain required.","INCOMPLETE — implementation present; final quality gate not yet passed"
"Google Messages Group Chat Mockup","google-messages-group-chat-mockup","google-messages","group","Registry","light, dark, system","true","Shared Mockups renderer + platform adapter","Shared editor","Structured media engine","Deterministic timeline","SVG/PNG/JPG/WebP + animated pipeline","Focused Mockups suite","true","false","Full browser golden, asset-license, security/accessibility and provider-version verification remain required.","INCOMPLETE — implementation present; final quality gate not yet passed"
"Google Messages Mockup","google-messages-mockup","google-messages","chat","Registry","light, dark, system","true","Shared Mockups renderer + platform adapter","Shared editor","Structured media engine","Deterministic timeline","SVG/PNG/JPG/WebP + animated pipeline","Focused Mockups suite","true","false","Full browser golden, asset-license, security/accessibility and provider-version verification remain required.","INCOMPLETE — implementation present; final quality gate not yet passed"
"Google Messages Notification Mockup","google-messages-notification-mockup","google-messages","notification","Registry","light, dark, system","true","Shared Mockups renderer + platform adapter","Shared editor","Structured media engine","Deterministic timeline","SVG/PNG/JPG/WebP + animated pipeline","Focused Mockups suite","true","false","Full browser golden, asset-license, security/accessibility and provider-version verification remain required.","INCOMPLETE — implementation present; final quality gate not yet passed"
"Google Messages Read Receipt Mockup","google-messages-read-receipt-mockup","google-messages","receipt","Registry","light, dark, system","true","Shared Mockups renderer + platform adapter","Shared editor","Structured media engine","Deterministic timeline","SVG/PNG/JPG/WebP + animated pipeline","Focused Mockups suite","true","false","Full browser golden, asset-license, security/accessibility and provider-version verification remain required.","INCOMPLETE — implementation present; final quality gate not yet passed"
"Google Messages Typing Indicator Mockup","google-messages-typing-indicator-mockup","google-messages","typing","Registry","light, dark, system","true","Shared Mockups renderer + platform adapter","Shared editor","Structured media engine","Deterministic timeline","SVG/PNG/JPG/WebP + animated pipeline","Focused Mockups suite","true","false","Full browser golden, asset-license, security/accessibility and provider-version verification remain required.","INCOMPLETE — implementation present; final quality gate not yet passed"
"Google Messages Video Call Mockup","google-messages-video-call-mockup","google-messages","video","Registry","light, dark, system","true","Shared Mockups renderer + platform adapter","Shared editor","Structured media engine","Deterministic timeline","SVG/PNG/JPG/WebP + animated pipeline","Focused Mockups suite","true","false","Full browser golden, asset-license, security/accessibility and provider-version verification remain required.","INCOMPLETE — implementation present; final quality gate not yet passed"
"Google Messages Voice Note Mockup","google-messages-voice-note-mockup","google-messages","voice","Registry","light, dark, system","true","Shared Mockups renderer + platform adapter","Shared editor","Structured media engine","Deterministic timeline","SVG/PNG/JPG/WebP + animated pipeline","Focused Mockups suite","true","false","Full browser golden, asset-license, security/accessibility and provider-version verification remain required.","INCOMPLETE — implementation present; final quality gate not yet passed"
"iMessage Chat Mockup","imessage-chat-mockup","imessage","chat","Registry","light, dark, system","true","Shared Mockups renderer + platform adapter","Shared editor","Structured media engine","Deterministic timeline","SVG/PNG/JPG/WebP + animated pipeline","Focused Mockups suite","true","false","Full browser golden, asset-license, security/accessibility and provider-version verification remain required.","INCOMPLETE — implementation present; final quality gate not yet passed"
"iMessage Conversation Mockup","imessage-conversation-mockup","imessage","conversation","Registry","light, dark, system","true","Shared Mockups renderer + platform adapter","Shared editor","Structured media engine","Deterministic timeline","SVG/PNG/JPG/WebP + animated pipeline","Focused Mockups suite","true","false","Full browser golden, asset-license, security/accessibility and provider-version verification remain required.","INCOMPLETE — implementation present; final quality gate not yet passed"
"iMessage Group Chat Mockup","imessage-group-chat-mockup","imessage","group","Registry","light, dark, system","true","Shared Mockups renderer + platform adapter","Shared editor","Structured media engine","Deterministic timeline","SVG/PNG/JPG/WebP + animated pipeline","Focused Mockups suite","true","false","Full browser golden, asset-license, security/accessibility and provider-version verification remain required.","INCOMPLETE — implementation present; final quality gate not yet passed"
"iMessage Mockup","imessage-mockup","imessage","chat","Registry","light, dark, system","true","Shared Mockups renderer + platform adapter","Shared editor","Structured media engine","Deterministic timeline","SVG/PNG/JPG/WebP + animated pipeline","Focused Mockups suite","true","false","Full browser golden, asset-license, security/accessibility and provider-version verification remain required.","INCOMPLETE — implementation present; final quality gate not yet passed"
"iMessage Notification Mockup","imessage-notification-mockup","imessage","notification","Registry","light, dark, system","true","Shared Mockups renderer + platform adapter","Shared editor","Structured media engine","Deterministic timeline","SVG/PNG/JPG/WebP + animated pipeline","Focused Mockups suite","true","false","Full browser golden, asset-license, security/accessibility and provider-version verification remain required.","INCOMPLETE — implementation present; final quality gate not yet passed"
"iMessage Read Receipt Mockup","imessage-read-receipt-mockup","imessage","receipt","Registry","light, dark, system","true","Shared Mockups renderer + platform adapter","Shared editor","Structured media engine","Deterministic timeline","SVG/PNG/JPG/WebP + animated pipeline","Focused Mockups suite","true","false","Full browser golden, asset-license, security/accessibility and provider-version verification remain required.","INCOMPLETE — implementation present; final quality gate not yet passed"
"iMessage Typing Indicator Mockup","imessage-typing-indicator-mockup","imessage","typing","Registry","light, dark, system","true","Shared Mockups renderer + platform adapter","Shared editor","Structured media engine","Deterministic timeline","SVG/PNG/JPG/WebP + animated pipeline","Focused Mockups suite","true","false","Full browser golden, asset-license, security/accessibility and provider-version verification remain required.","INCOMPLETE — implementation present; final quality gate not yet passed"
"iMessage Video Call Mockup","imessage-video-call-mockup","imessage","video","Registry","light, dark, system","true","Shared Mockups renderer + platform adapter","Shared editor","Structured media engine","Deterministic timeline","SVG/PNG/JPG/WebP + animated pipeline","Focused Mockups suite","true","false","Full browser golden, asset-license, security/accessibility and provider-version verification remain required.","INCOMPLETE — implementation present; final quality gate not yet passed"
"iMessage Voice Note Mockup","imessage-voice-note-mockup","imessage","voice","Registry","light, dark, system","true","Shared Mockups renderer + platform adapter","Shared editor","Structured media engine","Deterministic timeline","SVG/PNG/JPG/WebP + animated pipeline","Focused Mockups suite","true","false","Full browser golden, asset-license, security/accessibility and provider-version verification remain required.","INCOMPLETE — implementation present; final quality gate not yet passed"
"Instagram DM Chat Mockup","instagram-dm-chat-mockup","instagram-dm","chat","Registry","light, dark, system","true","Shared Mockups renderer + platform adapter","Shared editor","Structured media engine","Deterministic timeline","SVG/PNG/JPG/WebP + animated pipeline","Focused Mockups suite","true","false","Full browser golden, asset-license, security/accessibility and provider-version verification remain required.","INCOMPLETE — implementation present; final quality gate not yet passed"
"Instagram DM Conversation Mockup","instagram-dm-conversation-mockup","instagram-dm","conversation","Registry","light, dark, system","true","Shared Mockups renderer + platform adapter","Shared editor","Structured media engine","Deterministic timeline","SVG/PNG/JPG/WebP + animated pipeline","Focused Mockups suite","true","false","Full browser golden, asset-license, security/accessibility and provider-version verification remain required.","INCOMPLETE — implementation present; final quality gate not yet passed"
"Instagram DM Group Chat Mockup","instagram-dm-group-chat-mockup","instagram-dm","group","Registry","light, dark, system","true","Shared Mockups renderer + platform adapter","Shared editor","Structured media engine","Deterministic timeline","SVG/PNG/JPG/WebP + animated pipeline","Focused Mockups suite","true","false","Full browser golden, asset-license, security/accessibility and provider-version verification remain required.","INCOMPLETE — implementation present; final quality gate not yet passed"
"Instagram DM Mockup","instagram-dm-mockup","instagram-dm","chat","Registry","light, dark, system","true","Shared Mockups renderer + platform adapter","Shared editor","Structured media engine","Deterministic timeline","SVG/PNG/JPG/WebP + animated pipeline","Focused Mockups suite","true","false","Full browser golden, asset-license, security/accessibility and provider-version verification remain required.","INCOMPLETE — implementation present; final quality gate not yet passed"
"Instagram DM Notification Mockup","instagram-dm-notification-mockup","instagram-dm","notification","Registry","light, dark, system","true","Shared Mockups renderer + platform adapter","Shared editor","Structured media engine","Deterministic timeline","SVG/PNG/JPG/WebP + animated pipeline","Focused Mockups suite","true","false","Full browser golden, asset-license, security/accessibility and provider-version verification remain required.","INCOMPLETE — implementation present; final quality gate not yet passed"
"Instagram DM Read Receipt Mockup","instagram-dm-read-receipt-mockup","instagram-dm","receipt","Registry","light, dark, system","true","Shared Mockups renderer + platform adapter","Shared editor","Structured media engine","Deterministic timeline","SVG/PNG/JPG/WebP + animated pipeline","Focused Mockups suite","true","false","Full browser golden, asset-license, security/accessibility and provider-version verification remain required.","INCOMPLETE — implementation present; final quality gate not yet passed"
"Instagram DM Typing Indicator Mockup","instagram-dm-typing-indicator-mockup","instagram-dm","typing","Registry","light, dark, system","true","Shared Mockups renderer + platform adapter","Shared editor","Structured media engine","Deterministic timeline","SVG/PNG/JPG/WebP + animated pipeline","Focused Mockups suite","true","false","Full browser golden, asset-license, security/accessibility and provider-version verification remain required.","INCOMPLETE — implementation present; final quality gate not yet passed"
"Instagram DM Video Call Mockup","instagram-dm-video-call-mockup","instagram-dm","video","Registry","light, dark, system","true","Shared Mockups renderer + platform adapter","Shared editor","Structured media engine","Deterministic timeline","SVG/PNG/JPG/WebP + animated pipeline","Focused Mockups suite","true","false","Full browser golden, asset-license, security/accessibility and provider-version verification remain required.","INCOMPLETE — implementation present; final quality gate not yet passed"
"Instagram DM Voice Note Mockup","instagram-dm-voice-note-mockup","instagram-dm","voice","Registry","light, dark, system","true","Shared Mockups renderer + platform adapter","Shared editor","Structured media engine","Deterministic timeline","SVG/PNG/JPG/WebP + animated pipeline","Focused Mockups suite","true","false","Full browser golden, asset-license, security/accessibility and provider-version verification remain required.","INCOMPLETE — implementation present; final quality gate not yet passed"
"Instagram Post Mockup","instagram-post-mockup","instagram-post","post","Registry","light, dark, system","true","Shared Mockups renderer + platform adapter","Shared editor","Structured media engine","Deterministic timeline","SVG/PNG/JPG/WebP + animated pipeline","Focused Mockups suite","true","false","Full browser golden, asset-license, security/accessibility and provider-version verification remain required.","INCOMPLETE — implementation present; final quality gate not yet passed"
"LinkedIn DM Chat Mockup","linkedin-dm-chat-mockup","linkedin-dm","chat","Registry","light, dark, system","true","Shared Mockups renderer + platform adapter","Shared editor","Structured media engine","Deterministic timeline","SVG/PNG/JPG/WebP + animated pipeline","Focused Mockups suite","true","false","Full browser golden, asset-license, security/accessibility and provider-version verification remain required.","INCOMPLETE — implementation present; final quality gate not yet passed"
"LinkedIn DM Conversation Mockup","linkedin-dm-conversation-mockup","linkedin-dm","conversation","Registry","light, dark, system","true","Shared Mockups renderer + platform adapter","Shared editor","Structured media engine","Deterministic timeline","SVG/PNG/JPG/WebP + animated pipeline","Focused Mockups suite","true","false","Full browser golden, asset-license, security/accessibility and provider-version verification remain required.","INCOMPLETE — implementation present; final quality gate not yet passed"
"LinkedIn DM Group Chat Mockup","linkedin-dm-group-chat-mockup","linkedin-dm","group","Registry","light, dark, system","true","Shared Mockups renderer + platform adapter","Shared editor","Structured media engine","Deterministic timeline","SVG/PNG/JPG/WebP + animated pipeline","Focused Mockups suite","true","false","Full browser golden, asset-license, security/accessibility and provider-version verification remain required.","INCOMPLETE — implementation present; final quality gate not yet passed"
"LinkedIn DM Mockup","linkedin-dm-mockup","linkedin-dm","chat","Registry","light, dark, system","true","Shared Mockups renderer + platform adapter","Shared editor","Structured media engine","Deterministic timeline","SVG/PNG/JPG/WebP + animated pipeline","Focused Mockups suite","true","false","Full browser golden, asset-license, security/accessibility and provider-version verification remain required.","INCOMPLETE — implementation present; final quality gate not yet passed"
"LinkedIn DM Notification Mockup","linkedin-dm-notification-mockup","linkedin-dm","notification","Registry","light, dark, system","true","Shared Mockups renderer + platform adapter","Shared editor","Structured media engine","Deterministic timeline","SVG/PNG/JPG/WebP + animated pipeline","Focused Mockups suite","true","false","Full browser golden, asset-license, security/accessibility and provider-version verification remain required.","INCOMPLETE — implementation present; final quality gate not yet passed"
"LinkedIn DM Read Receipt Mockup","linkedin-dm-read-receipt-mockup","linkedin-dm","receipt","Registry","light, dark, system","true","Shared Mockups renderer + platform adapter","Shared editor","Structured media engine","Deterministic timeline","SVG/PNG/JPG/WebP + animated pipeline","Focused Mockups suite","true","false","Full browser golden, asset-license, security/accessibility and provider-version verification remain required.","INCOMPLETE — implementation present; final quality gate not yet passed"
"LinkedIn DM Typing Indicator Mockup","linkedin-dm-typing-indicator-mockup","linkedin-dm","typing","Registry","light, dark, system","true","Shared Mockups renderer + platform adapter","Shared editor","Structured media engine","Deterministic timeline","SVG/PNG/JPG/WebP + animated pipeline","Focused Mockups suite","true","false","Full browser golden, asset-license, security/accessibility and provider-version verification remain required.","INCOMPLETE — implementation present; final quality gate not yet passed"
"LinkedIn DM Video Call Mockup","linkedin-dm-video-call-mockup","linkedin-dm","video","Registry","light, dark, system","true","Shared Mockups renderer + platform adapter","Shared editor","Structured media engine","Deterministic timeline","SVG/PNG/JPG/WebP + animated pipeline","Focused Mockups suite","true","false","Full browser golden, asset-license, security/accessibility and provider-version verification remain required.","INCOMPLETE — implementation present; final quality gate not yet passed"
"LinkedIn DM Voice Note Mockup","linkedin-dm-voice-note-mockup","linkedin-dm","voice","Registry","light, dark, system","true","Shared Mockups renderer + platform adapter","Shared editor","Structured media engine","Deterministic timeline","SVG/PNG/JPG/WebP + animated pipeline","Focused Mockups suite","true","false","Full browser golden, asset-license, security/accessibility and provider-version verification remain required.","INCOMPLETE — implementation present; final quality gate not yet passed"
"LinkedIn Post Mockup","linkedin-post-mockup","linkedin-post","post","Registry","light, dark, system","true","Shared Mockups renderer + platform adapter","Shared editor","Structured media engine","Deterministic timeline","SVG/PNG/JPG/WebP + animated pipeline","Focused Mockups suite","true","false","Full browser golden, asset-license, security/accessibility and provider-version verification remain required.","INCOMPLETE — implementation present; final quality gate not yet passed"
"Messenger Chat Mockup","messenger-chat-mockup","messenger","chat","Registry","light, dark, system","true","Shared Mockups renderer + platform adapter","Shared editor","Structured media engine","Deterministic timeline","SVG/PNG/JPG/WebP + animated pipeline","Focused Mockups suite","true","false","Full browser golden, asset-license, security/accessibility and provider-version verification remain required.","INCOMPLETE — implementation present; final quality gate not yet passed"
"Messenger Conversation Mockup","messenger-conversation-mockup","messenger","conversation","Registry","light, dark, system","true","Shared Mockups renderer + platform adapter","Shared editor","Structured media engine","Deterministic timeline","SVG/PNG/JPG/WebP + animated pipeline","Focused Mockups suite","true","false","Full browser golden, asset-license, security/accessibility and provider-version verification remain required.","INCOMPLETE — implementation present; final quality gate not yet passed"
"Messenger Group Chat Mockup","messenger-group-chat-mockup","messenger","group","Registry","light, dark, system","true","Shared Mockups renderer + platform adapter","Shared editor","Structured media engine","Deterministic timeline","SVG/PNG/JPG/WebP + animated pipeline","Focused Mockups suite","true","false","Full browser golden, asset-license, security/accessibility and provider-version verification remain required.","INCOMPLETE — implementation present; final quality gate not yet passed"
"Messenger Notification Mockup","messenger-notification-mockup","messenger","notification","Registry","light, dark, system","true","Shared Mockups renderer + platform adapter","Shared editor","Structured media engine","Deterministic timeline","SVG/PNG/JPG/WebP + animated pipeline","Focused Mockups suite","true","false","Full browser golden, asset-license, security/accessibility and provider-version verification remain required.","INCOMPLETE — implementation present; final quality gate not yet passed"
"Messenger Read Receipt Mockup","messenger-read-receipt-mockup","messenger","receipt","Registry","light, dark, system","true","Shared Mockups renderer + platform adapter","Shared editor","Structured media engine","Deterministic timeline","SVG/PNG/JPG/WebP + animated pipeline","Focused Mockups suite","true","false","Full browser golden, asset-license, security/accessibility and provider-version verification remain required.","INCOMPLETE — implementation present; final quality gate not yet passed"
"Messenger Typing Indicator Mockup","messenger-typing-indicator-mockup","messenger","typing","Registry","light, dark, system","true","Shared Mockups renderer + platform adapter","Shared editor","Structured media engine","Deterministic timeline","SVG/PNG/JPG/WebP + animated pipeline","Focused Mockups suite","true","false","Full browser golden, asset-license, security/accessibility and provider-version verification remain required.","INCOMPLETE — implementation present; final quality gate not yet passed"
"Messenger Video Call Mockup","messenger-video-call-mockup","messenger","video","Registry","light, dark, system","true","Shared Mockups renderer + platform adapter","Shared editor","Structured media engine","Deterministic timeline","SVG/PNG/JPG/WebP + animated pipeline","Focused Mockups suite","true","false","Full browser golden, asset-license, security/accessibility and provider-version verification remain required.","INCOMPLETE — implementation present; final quality gate not yet passed"
"Messenger Voice Note Mockup","messenger-voice-note-mockup","messenger","voice","Registry","light, dark, system","true","Shared Mockups renderer + platform adapter","Shared editor","Structured media engine","Deterministic timeline","SVG/PNG/JPG/WebP + animated pipeline","Focused Mockups suite","true","false","Full browser golden, asset-license, security/accessibility and provider-version verification remain required.","INCOMPLETE — implementation present; final quality gate not yet passed"
"Notification Mockup","notification-mockup","notification","notification","Registry","light, dark, system","true","Shared Mockups renderer + platform adapter","Shared editor","Structured media engine","Deterministic timeline","SVG/PNG/JPG/WebP + animated pipeline","Focused Mockups suite","false","false","Full browser golden, asset-license, security/accessibility and provider-version verification remain required.","INCOMPLETE — implementation present; final quality gate not yet passed"
"Outlook Chat Mockup","outlook-chat-mockup","outlook","chat","Registry","light, dark, system","true","Shared Mockups renderer + platform adapter","Shared editor","Structured media engine","Deterministic timeline","SVG/PNG/JPG/WebP + animated pipeline","Focused Mockups suite","true","false","Full browser golden, asset-license, security/accessibility and provider-version verification remain required.","INCOMPLETE — implementation present; final quality gate not yet passed"
"Outlook Conversation Mockup","outlook-conversation-mockup","outlook","conversation","Registry","light, dark, system","true","Shared Mockups renderer + platform adapter","Shared editor","Structured media engine","Deterministic timeline","SVG/PNG/JPG/WebP + animated pipeline","Focused Mockups suite","true","false","Full browser golden, asset-license, security/accessibility and provider-version verification remain required.","INCOMPLETE — implementation present; final quality gate not yet passed"
"Outlook Group Chat Mockup","outlook-group-chat-mockup","outlook","group","Registry","light, dark, system","true","Shared Mockups renderer + platform adapter","Shared editor","Structured media engine","Deterministic timeline","SVG/PNG/JPG/WebP + animated pipeline","Focused Mockups suite","true","false","Full browser golden, asset-license, security/accessibility and provider-version verification remain required.","INCOMPLETE — implementation present; final quality gate not yet passed"
"Outlook Notification Mockup","outlook-notification-mockup","outlook","notification","Registry","light, dark, system","true","Shared Mockups renderer + platform adapter","Shared editor","Structured media engine","Deterministic timeline","SVG/PNG/JPG/WebP + animated pipeline","Focused Mockups suite","true","false","Full browser golden, asset-license, security/accessibility and provider-version verification remain required.","INCOMPLETE — implementation present; final quality gate not yet passed"
"Outlook Read Receipt Mockup","outlook-read-receipt-mockup","outlook","receipt","Registry","light, dark, system","true","Shared Mockups renderer + platform adapter","Shared editor","Structured media engine","Deterministic timeline","SVG/PNG/JPG/WebP + animated pipeline","Focused Mockups suite","true","false","Full browser golden, asset-license, security/accessibility and provider-version verification remain required.","INCOMPLETE — implementation present; final quality gate not yet passed"
"Outlook Typing Indicator Mockup","outlook-typing-indicator-mockup","outlook","typing","Registry","light, dark, system","true","Shared Mockups renderer + platform adapter","Shared editor","Structured media engine","Deterministic timeline","SVG/PNG/JPG/WebP + animated pipeline","Focused Mockups suite","true","false","Full browser golden, asset-license, security/accessibility and provider-version verification remain required.","INCOMPLETE — implementation present; final quality gate not yet passed"
"Outlook Video Call Mockup","outlook-video-call-mockup","outlook","video","Registry","light, dark, system","true","Shared Mockups renderer + platform adapter","Shared editor","Structured media engine","Deterministic timeline","SVG/PNG/JPG/WebP + animated pipeline","Focused Mockups suite","true","false","Full browser golden, asset-license, security/accessibility and provider-version verification remain required.","INCOMPLETE — implementation present; final quality gate not yet passed"
"Outlook Voice Note Mockup","outlook-voice-note-mockup","outlook","voice","Registry","light, dark, system","true","Shared Mockups renderer + platform adapter","Shared editor","Structured media engine","Deterministic timeline","SVG/PNG/JPG/WebP + animated pipeline","Focused Mockups suite","true","false","Full browser golden, asset-license, security/accessibility and provider-version verification remain required.","INCOMPLETE — implementation present; final quality gate not yet passed"
"Reddit Chat Chat Mockup","reddit-chat-chat-mockup","reddit","chat","Registry","light, dark, system","true","Shared Mockups renderer + platform adapter","Shared editor","Structured media engine","Deterministic timeline","SVG/PNG/JPG/WebP + animated pipeline","Focused Mockups suite","true","false","Full browser golden, asset-license, security/accessibility and provider-version verification remain required.","INCOMPLETE — implementation present; final quality gate not yet passed"
"Reddit Chat Conversation Mockup","reddit-chat-conversation-mockup","reddit","conversation","Registry","light, dark, system","true","Shared Mockups renderer + platform adapter","Shared editor","Structured media engine","Deterministic timeline","SVG/PNG/JPG/WebP + animated pipeline","Focused Mockups suite","true","false","Full browser golden, asset-license, security/accessibility and provider-version verification remain required.","INCOMPLETE — implementation present; final quality gate not yet passed"
"Reddit Chat Group Chat Mockup","reddit-chat-group-chat-mockup","reddit","group","Registry","light, dark, system","true","Shared Mockups renderer + platform adapter","Shared editor","Structured media engine","Deterministic timeline","SVG/PNG/JPG/WebP + animated pipeline","Focused Mockups suite","true","false","Full browser golden, asset-license, security/accessibility and provider-version verification remain required.","INCOMPLETE — implementation present; final quality gate not yet passed"
"Reddit Chat Mockup","reddit-mockup","reddit","chat","Registry","light, dark, system","true","Shared Mockups renderer + platform adapter","Shared editor","Structured media engine","Deterministic timeline","SVG/PNG/JPG/WebP + animated pipeline","Focused Mockups suite","true","false","Full browser golden, asset-license, security/accessibility and provider-version verification remain required.","INCOMPLETE — implementation present; final quality gate not yet passed"
"Reddit Chat Notification Mockup","reddit-chat-notification-mockup","reddit","notification","Registry","light, dark, system","true","Shared Mockups renderer + platform adapter","Shared editor","Structured media engine","Deterministic timeline","SVG/PNG/JPG/WebP + animated pipeline","Focused Mockups suite","true","false","Full browser golden, asset-license, security/accessibility and provider-version verification remain required.","INCOMPLETE — implementation present; final quality gate not yet passed"
"Reddit Chat Read Receipt Mockup","reddit-chat-read-receipt-mockup","reddit","receipt","Registry","light, dark, system","true","Shared Mockups renderer + platform adapter","Shared editor","Structured media engine","Deterministic timeline","SVG/PNG/JPG/WebP + animated pipeline","Focused Mockups suite","true","false","Full browser golden, asset-license, security/accessibility and provider-version verification remain required.","INCOMPLETE — implementation present; final quality gate not yet passed"
"Reddit Chat Typing Indicator Mockup","reddit-chat-typing-indicator-mockup","reddit","typing","Registry","light, dark, system","true","Shared Mockups renderer + platform adapter","Shared editor","Structured media engine","Deterministic timeline","SVG/PNG/JPG/WebP + animated pipeline","Focused Mockups suite","true","false","Full browser golden, asset-license, security/accessibility and provider-version verification remain required.","INCOMPLETE — implementation present; final quality gate not yet passed"
"Reddit Chat Video Call Mockup","reddit-chat-video-call-mockup","reddit","video","Registry","light, dark, system","true","Shared Mockups renderer + platform adapter","Shared editor","Structured media engine","Deterministic timeline","SVG/PNG/JPG/WebP + animated pipeline","Focused Mockups suite","true","false","Full browser golden, asset-license, security/accessibility and provider-version verification remain required.","INCOMPLETE — implementation present; final quality gate not yet passed"
"Reddit Chat Voice Note Mockup","reddit-chat-voice-note-mockup","reddit","voice","Registry","light, dark, system","true","Shared Mockups renderer + platform adapter","Shared editor","Structured media engine","Deterministic timeline","SVG/PNG/JPG/WebP + animated pipeline","Focused Mockups suite","true","false","Full browser golden, asset-license, security/accessibility and provider-version verification remain required.","INCOMPLETE — implementation present; final quality gate not yet passed"
"Reddit Post Mockup","reddit-post-mockup","reddit-post","post","Registry","light, dark, system","true","Shared Mockups renderer + platform adapter","Shared editor","Structured media engine","Deterministic timeline","SVG/PNG/JPG/WebP + animated pipeline","Focused Mockups suite","true","false","Full browser golden, asset-license, security/accessibility and provider-version verification remain required.","INCOMPLETE — implementation present; final quality gate not yet passed"
"Signal Chat Mockup","signal-chat-mockup","signal","chat","Registry","light, dark, system","true","Shared Mockups renderer + platform adapter","Shared editor","Structured media engine","Deterministic timeline","SVG/PNG/JPG/WebP + animated pipeline","Focused Mockups suite","true","false","Full browser golden, asset-license, security/accessibility and provider-version verification remain required.","INCOMPLETE — implementation present; final quality gate not yet passed"
"Signal Conversation Mockup","signal-conversation-mockup","signal","conversation","Registry","light, dark, system","true","Shared Mockups renderer + platform adapter","Shared editor","Structured media engine","Deterministic timeline","SVG/PNG/JPG/WebP + animated pipeline","Focused Mockups suite","true","false","Full browser golden, asset-license, security/accessibility and provider-version verification remain required.","INCOMPLETE — implementation present; final quality gate not yet passed"
"Signal Group Chat Mockup","signal-group-chat-mockup","signal","group","Registry","light, dark, system","true","Shared Mockups renderer + platform adapter","Shared editor","Structured media engine","Deterministic timeline","SVG/PNG/JPG/WebP + animated pipeline","Focused Mockups suite","true","false","Full browser golden, asset-license, security/accessibility and provider-version verification remain required.","INCOMPLETE — implementation present; final quality gate not yet passed"
"Signal Mockup","signal-mockup","signal","chat","Registry","light, dark, system","true","Shared Mockups renderer + platform adapter","Shared editor","Structured media engine","Deterministic timeline","SVG/PNG/JPG/WebP + animated pipeline","Focused Mockups suite","true","false","Full browser golden, asset-license, security/accessibility and provider-version verification remain required.","INCOMPLETE — implementation present; final quality gate not yet passed"
"Signal Notification Mockup","signal-notification-mockup","signal","notification","Registry","light, dark, system","true","Shared Mockups renderer + platform adapter","Shared editor","Structured media engine","Deterministic timeline","SVG/PNG/JPG/WebP + animated pipeline","Focused Mockups suite","true","false","Full browser golden, asset-license, security/accessibility and provider-version verification remain required.","INCOMPLETE — implementation present; final quality gate not yet passed"
"Signal Read Receipt Mockup","signal-read-receipt-mockup","signal","receipt","Registry","light, dark, system","true","Shared Mockups renderer + platform adapter","Shared editor","Structured media engine","Deterministic timeline","SVG/PNG/JPG/WebP + animated pipeline","Focused Mockups suite","true","false","Full browser golden, asset-license, security/accessibility and provider-version verification remain required.","INCOMPLETE — implementation present; final quality gate not yet passed"
"Signal Typing Indicator Mockup","signal-typing-indicator-mockup","signal","typing","Registry","light, dark, system","true","Shared Mockups renderer + platform adapter","Shared editor","Structured media engine","Deterministic timeline","SVG/PNG/JPG/WebP + animated pipeline","Focused Mockups suite","true","false","Full browser golden, asset-license, security/accessibility and provider-version verification remain required.","INCOMPLETE — implementation present; final quality gate not yet passed"
"Signal Video Call Mockup","signal-video-call-mockup","signal","video","Registry","light, dark, system","true","Shared Mockups renderer + platform adapter","Shared editor","Structured media engine","Deterministic timeline","SVG/PNG/JPG/WebP + animated pipeline","Focused Mockups suite","true","false","Full browser golden, asset-license, security/accessibility and provider-version verification remain required.","INCOMPLETE — implementation present; final quality gate not yet passed"
"Signal Voice Note Mockup","signal-voice-note-mockup","signal","voice","Registry","light, dark, system","true","Shared Mockups renderer + platform adapter","Shared editor","Structured media engine","Deterministic timeline","SVG/PNG/JPG/WebP + animated pipeline","Focused Mockups suite","true","false","Full browser golden, asset-license, security/accessibility and provider-version verification remain required.","INCOMPLETE — implementation present; final quality gate not yet passed"
"Slack Chat Mockup","slack-chat-mockup","slack","chat","Registry","light, dark, system","true","Shared Mockups renderer + platform adapter","Shared editor","Structured media engine","Deterministic timeline","SVG/PNG/JPG/WebP + animated pipeline","Focused Mockups suite","true","false","Full browser golden, asset-license, security/accessibility and provider-version verification remain required.","INCOMPLETE — implementation present; final quality gate not yet passed"
"Slack Conversation Mockup","slack-conversation-mockup","slack","conversation","Registry","light, dark, system","true","Shared Mockups renderer + platform adapter","Shared editor","Structured media engine","Deterministic timeline","SVG/PNG/JPG/WebP + animated pipeline","Focused Mockups suite","true","false","Full browser golden, asset-license, security/accessibility and provider-version verification remain required.","INCOMPLETE — implementation present; final quality gate not yet passed"
"Slack Group Chat Mockup","slack-group-chat-mockup","slack","group","Registry","light, dark, system","true","Shared Mockups renderer + platform adapter","Shared editor","Structured media engine","Deterministic timeline","SVG/PNG/JPG/WebP + animated pipeline","Focused Mockups suite","true","false","Full browser golden, asset-license, security/accessibility and provider-version verification remain required.","INCOMPLETE — implementation present; final quality gate not yet passed"
"Slack Mockup","slack-mockup","slack","chat","Registry","light, dark, system","true","Shared Mockups renderer + platform adapter","Shared editor","Structured media engine","Deterministic timeline","SVG/PNG/JPG/WebP + animated pipeline","Focused Mockups suite","true","false","Full browser golden, asset-license, security/accessibility and provider-version verification remain required.","INCOMPLETE — implementation present; final quality gate not yet passed"
"Slack Notification Mockup","slack-notification-mockup","slack","notification","Registry","light, dark, system","true","Shared Mockups renderer + platform adapter","Shared editor","Structured media engine","Deterministic timeline","SVG/PNG/JPG/WebP + animated pipeline","Focused Mockups suite","true","false","Full browser golden, asset-license, security/accessibility and provider-version verification remain required.","INCOMPLETE — implementation present; final quality gate not yet passed"
"Slack Read Receipt Mockup","slack-read-receipt-mockup","slack","receipt","Registry","light, dark, system","true","Shared Mockups renderer + platform adapter","Shared editor","Structured media engine","Deterministic timeline","SVG/PNG/JPG/WebP + animated pipeline","Focused Mockups suite","true","false","Full browser golden, asset-license, security/accessibility and provider-version verification remain required.","INCOMPLETE — implementation present; final quality gate not yet passed"
"Slack Typing Indicator Mockup","slack-typing-indicator-mockup","slack","typing","Registry","light, dark, system","true","Shared Mockups renderer + platform adapter","Shared editor","Structured media engine","Deterministic timeline","SVG/PNG/JPG/WebP + animated pipeline","Focused Mockups suite","true","false","Full browser golden, asset-license, security/accessibility and provider-version verification remain required.","INCOMPLETE — implementation present; final quality gate not yet passed"
"Slack Video Call Mockup","slack-video-call-mockup","slack","video","Registry","light, dark, system","true","Shared Mockups renderer + platform adapter","Shared editor","Structured media engine","Deterministic timeline","SVG/PNG/JPG/WebP + animated pipeline","Focused Mockups suite","true","false","Full browser golden, asset-license, security/accessibility and provider-version verification remain required.","INCOMPLETE — implementation present; final quality gate not yet passed"
"Slack Voice Note Mockup","slack-voice-note-mockup","slack","voice","Registry","light, dark, system","true","Shared Mockups renderer + platform adapter","Shared editor","Structured media engine","Deterministic timeline","SVG/PNG/JPG/WebP + animated pipeline","Focused Mockups suite","true","false","Full browser golden, asset-license, security/accessibility and provider-version verification remain required.","INCOMPLETE — implementation present; final quality gate not yet passed"
"SMS Chat Mockup","sms-chat-mockup","sms","chat","Registry","light, dark, system","true","Shared Mockups renderer + platform adapter","Shared editor","Structured media engine","Deterministic timeline","SVG/PNG/JPG/WebP + animated pipeline","Focused Mockups suite","true","false","Full browser golden, asset-license, security/accessibility and provider-version verification remain required.","INCOMPLETE — implementation present; final quality gate not yet passed"
"SMS Conversation Mockup","sms-conversation-mockup","sms","conversation","Registry","light, dark, system","true","Shared Mockups renderer + platform adapter","Shared editor","Structured media engine","Deterministic timeline","SVG/PNG/JPG/WebP + animated pipeline","Focused Mockups suite","true","false","Full browser golden, asset-license, security/accessibility and provider-version verification remain required.","INCOMPLETE — implementation present; final quality gate not yet passed"
"SMS Group Chat Mockup","sms-group-chat-mockup","sms","group","Registry","light, dark, system","true","Shared Mockups renderer + platform adapter","Shared editor","Structured media engine","Deterministic timeline","SVG/PNG/JPG/WebP + animated pipeline","Focused Mockups suite","true","false","Full browser golden, asset-license, security/accessibility and provider-version verification remain required.","INCOMPLETE — implementation present; final quality gate not yet passed"
"SMS Mockup","sms-mockup","sms","chat","Registry","light, dark, system","true","Shared Mockups renderer + platform adapter","Shared editor","Structured media engine","Deterministic timeline","SVG/PNG/JPG/WebP + animated pipeline","Focused Mockups suite","true","false","Full browser golden, asset-license, security/accessibility and provider-version verification remain required.","INCOMPLETE — implementation present; final quality gate not yet passed"
"SMS Notification Mockup","sms-notification-mockup","sms","notification","Registry","light, dark, system","true","Shared Mockups renderer + platform adapter","Shared editor","Structured media engine","Deterministic timeline","SVG/PNG/JPG/WebP + animated pipeline","Focused Mockups suite","true","false","Full browser golden, asset-license, security/accessibility and provider-version verification remain required.","INCOMPLETE — implementation present; final quality gate not yet passed"
"SMS Read Receipt Mockup","sms-read-receipt-mockup","sms","receipt","Registry","light, dark, system","true","Shared Mockups renderer + platform adapter","Shared editor","Structured media engine","Deterministic timeline","SVG/PNG/JPG/WebP + animated pipeline","Focused Mockups suite","true","false","Full browser golden, asset-license, security/accessibility and provider-version verification remain required.","INCOMPLETE — implementation present; final quality gate not yet passed"
"SMS Typing Indicator Mockup","sms-typing-indicator-mockup","sms","typing","Registry","light, dark, system","true","Shared Mockups renderer + platform adapter","Shared editor","Structured media engine","Deterministic timeline","SVG/PNG/JPG/WebP + animated pipeline","Focused Mockups suite","true","false","Full browser golden, asset-license, security/accessibility and provider-version verification remain required.","INCOMPLETE — implementation present; final quality gate not yet passed"
"SMS Video Call Mockup","sms-video-call-mockup","sms","video","Registry","light, dark, system","true","Shared Mockups renderer + platform adapter","Shared editor","Structured media engine","Deterministic timeline","SVG/PNG/JPG/WebP + animated pipeline","Focused Mockups suite","true","false","Full browser golden, asset-license, security/accessibility and provider-version verification remain required.","INCOMPLETE — implementation present; final quality gate not yet passed"
"SMS Voice Note Mockup","sms-voice-note-mockup","sms","voice","Registry","light, dark, system","true","Shared Mockups renderer + platform adapter","Shared editor","Structured media engine","Deterministic timeline","SVG/PNG/JPG/WebP + animated pipeline","Focused Mockups suite","true","false","Full browser golden, asset-license, security/accessibility and provider-version verification remain required.","INCOMPLETE — implementation present; final quality gate not yet passed"
"Snapchat Chat Mockup","snapchat-chat-mockup","snapchat","chat","Registry","light, dark, system","true","Shared Mockups renderer + platform adapter","Shared editor","Structured media engine","Deterministic timeline","SVG/PNG/JPG/WebP + animated pipeline","Focused Mockups suite","true","false","Full browser golden, asset-license, security/accessibility and provider-version verification remain required.","INCOMPLETE — implementation present; final quality gate not yet passed"
"Snapchat Conversation Mockup","snapchat-conversation-mockup","snapchat","conversation","Registry","light, dark, system","true","Shared Mockups renderer + platform adapter","Shared editor","Structured media engine","Deterministic timeline","SVG/PNG/JPG/WebP + animated pipeline","Focused Mockups suite","true","false","Full browser golden, asset-license, security/accessibility and provider-version verification remain required.","INCOMPLETE — implementation present; final quality gate not yet passed"
"Snapchat Group Chat Mockup","snapchat-group-chat-mockup","snapchat","group","Registry","light, dark, system","true","Shared Mockups renderer + platform adapter","Shared editor","Structured media engine","Deterministic timeline","SVG/PNG/JPG/WebP + animated pipeline","Focused Mockups suite","true","false","Full browser golden, asset-license, security/accessibility and provider-version verification remain required.","INCOMPLETE — implementation present; final quality gate not yet passed"
"Snapchat Mockup","snapchat-mockup","snapchat","chat","Registry","light, dark, system","true","Shared Mockups renderer + platform adapter","Shared editor","Structured media engine","Deterministic timeline","SVG/PNG/JPG/WebP + animated pipeline","Focused Mockups suite","true","false","Full browser golden, asset-license, security/accessibility and provider-version verification remain required.","INCOMPLETE — implementation present; final quality gate not yet passed"
"Snapchat Notification Mockup","snapchat-notification-mockup","snapchat","notification","Registry","light, dark, system","true","Shared Mockups renderer + platform adapter","Shared editor","Structured media engine","Deterministic timeline","SVG/PNG/JPG/WebP + animated pipeline","Focused Mockups suite","true","false","Full browser golden, asset-license, security/accessibility and provider-version verification remain required.","INCOMPLETE — implementation present; final quality gate not yet passed"
"Snapchat Read Receipt Mockup","snapchat-read-receipt-mockup","snapchat","receipt","Registry","light, dark, system","true","Shared Mockups renderer + platform adapter","Shared editor","Structured media engine","Deterministic timeline","SVG/PNG/JPG/WebP + animated pipeline","Focused Mockups suite","true","false","Full browser golden, asset-license, security/accessibility and provider-version verification remain required.","INCOMPLETE — implementation present; final quality gate not yet passed"
"Snapchat Typing Indicator Mockup","snapchat-typing-indicator-mockup","snapchat","typing","Registry","light, dark, system","true","Shared Mockups renderer + platform adapter","Shared editor","Structured media engine","Deterministic timeline","SVG/PNG/JPG/WebP + animated pipeline","Focused Mockups suite","true","false","Full browser golden, asset-license, security/accessibility and provider-version verification remain required.","INCOMPLETE — implementation present; final quality gate not yet passed"
"Snapchat Video Call Mockup","snapchat-video-call-mockup","snapchat","video","Registry","light, dark, system","true","Shared Mockups renderer + platform adapter","Shared editor","Structured media engine","Deterministic timeline","SVG/PNG/JPG/WebP + animated pipeline","Focused Mockups suite","true","false","Full browser golden, asset-license, security/accessibility and provider-version verification remain required.","INCOMPLETE — implementation present; final quality gate not yet passed"
"Snapchat Voice Note Mockup","snapchat-voice-note-mockup","snapchat","voice","Registry","light, dark, system","true","Shared Mockups renderer + platform adapter","Shared editor","Structured media engine","Deterministic timeline","SVG/PNG/JPG/WebP + animated pipeline","Focused Mockups suite","true","false","Full browser golden, asset-license, security/accessibility and provider-version verification remain required.","INCOMPLETE — implementation present; final quality gate not yet passed"
"Telegram Chat Mockup","telegram-chat-mockup","telegram","chat","Registry","light, dark, system","true","Shared Mockups renderer + platform adapter","Shared editor","Structured media engine","Deterministic timeline","SVG/PNG/JPG/WebP + animated pipeline","Focused Mockups suite","true","false","Full browser golden, asset-license, security/accessibility and provider-version verification remain required.","INCOMPLETE — implementation present; final quality gate not yet passed"
"Telegram Conversation Mockup","telegram-conversation-mockup","telegram","conversation","Registry","light, dark, system","true","Shared Mockups renderer + platform adapter","Shared editor","Structured media engine","Deterministic timeline","SVG/PNG/JPG/WebP + animated pipeline","Focused Mockups suite","true","false","Full browser golden, asset-license, security/accessibility and provider-version verification remain required.","INCOMPLETE — implementation present; final quality gate not yet passed"
"Telegram Group Chat Mockup","telegram-group-chat-mockup","telegram","group","Registry","light, dark, system","true","Shared Mockups renderer + platform adapter","Shared editor","Structured media engine","Deterministic timeline","SVG/PNG/JPG/WebP + animated pipeline","Focused Mockups suite","true","false","Full browser golden, asset-license, security/accessibility and provider-version verification remain required.","INCOMPLETE — implementation present; final quality gate not yet passed"
"Telegram Mockup","telegram-mockup","telegram","chat","Registry","light, dark, system","true","Shared Mockups renderer + platform adapter","Shared editor","Structured media engine","Deterministic timeline","SVG/PNG/JPG/WebP + animated pipeline","Focused Mockups suite","true","false","Full browser golden, asset-license, security/accessibility and provider-version verification remain required.","INCOMPLETE — implementation present; final quality gate not yet passed"
"Telegram Notification Mockup","telegram-notification-mockup","telegram","notification","Registry","light, dark, system","true","Shared Mockups renderer + platform adapter","Shared editor","Structured media engine","Deterministic timeline","SVG/PNG/JPG/WebP + animated pipeline","Focused Mockups suite","true","false","Full browser golden, asset-license, security/accessibility and provider-version verification remain required.","INCOMPLETE — implementation present; final quality gate not yet passed"
"Telegram Read Receipt Mockup","telegram-read-receipt-mockup","telegram","receipt","Registry","light, dark, system","true","Shared Mockups renderer + platform adapter","Shared editor","Structured media engine","Deterministic timeline","SVG/PNG/JPG/WebP + animated pipeline","Focused Mockups suite","true","false","Full browser golden, asset-license, security/accessibility and provider-version verification remain required.","INCOMPLETE — implementation present; final quality gate not yet passed"
"Telegram Typing Indicator Mockup","telegram-typing-indicator-mockup","telegram","typing","Registry","light, dark, system","true","Shared Mockups renderer + platform adapter","Shared editor","Structured media engine","Deterministic timeline","SVG/PNG/JPG/WebP + animated pipeline","Focused Mockups suite","true","false","Full browser golden, asset-license, security/accessibility and provider-version verification remain required.","INCOMPLETE — implementation present; final quality gate not yet passed"
"Telegram Video Call Mockup","telegram-video-call-mockup","telegram","video","Registry","light, dark, system","true","Shared Mockups renderer + platform adapter","Shared editor","Structured media engine","Deterministic timeline","SVG/PNG/JPG/WebP + animated pipeline","Focused Mockups suite","true","false","Full browser golden, asset-license, security/accessibility and provider-version verification remain required.","INCOMPLETE — implementation present; final quality gate not yet passed"
"Telegram Voice Note Mockup","telegram-voice-note-mockup","telegram","voice","Registry","light, dark, system","true","Shared Mockups renderer + platform adapter","Shared editor","Structured media engine","Deterministic timeline","SVG/PNG/JPG/WebP + animated pipeline","Focused Mockups suite","true","false","Full browser golden, asset-license, security/accessibility and provider-version verification remain required.","INCOMPLETE — implementation present; final quality gate not yet passed"
"Threads DM Chat Mockup","threads-dm-chat-mockup","threads","chat","Registry","light, dark, system","true","Shared Mockups renderer + platform adapter","Shared editor","Structured media engine","Deterministic timeline","SVG/PNG/JPG/WebP + animated pipeline","Focused Mockups suite","true","false","Full browser golden, asset-license, security/accessibility and provider-version verification remain required.","INCOMPLETE — implementation present; final quality gate not yet passed"
"Threads DM Conversation Mockup","threads-dm-conversation-mockup","threads","conversation","Registry","light, dark, system","true","Shared Mockups renderer + platform adapter","Shared editor","Structured media engine","Deterministic timeline","SVG/PNG/JPG/WebP + animated pipeline","Focused Mockups suite","true","false","Full browser golden, asset-license, security/accessibility and provider-version verification remain required.","INCOMPLETE — implementation present; final quality gate not yet passed"
"Threads DM Group Chat Mockup","threads-dm-group-chat-mockup","threads","group","Registry","light, dark, system","true","Shared Mockups renderer + platform adapter","Shared editor","Structured media engine","Deterministic timeline","SVG/PNG/JPG/WebP + animated pipeline","Focused Mockups suite","true","false","Full browser golden, asset-license, security/accessibility and provider-version verification remain required.","INCOMPLETE — implementation present; final quality gate not yet passed"
"Threads DM Mockup","threads-mockup","threads","chat","Registry","light, dark, system","true","Shared Mockups renderer + platform adapter","Shared editor","Structured media engine","Deterministic timeline","SVG/PNG/JPG/WebP + animated pipeline","Focused Mockups suite","true","false","Full browser golden, asset-license, security/accessibility and provider-version verification remain required.","INCOMPLETE — implementation present; final quality gate not yet passed"
"Threads DM Notification Mockup","threads-dm-notification-mockup","threads","notification","Registry","light, dark, system","true","Shared Mockups renderer + platform adapter","Shared editor","Structured media engine","Deterministic timeline","SVG/PNG/JPG/WebP + animated pipeline","Focused Mockups suite","true","false","Full browser golden, asset-license, security/accessibility and provider-version verification remain required.","INCOMPLETE — implementation present; final quality gate not yet passed"
"Threads DM Read Receipt Mockup","threads-dm-read-receipt-mockup","threads","receipt","Registry","light, dark, system","true","Shared Mockups renderer + platform adapter","Shared editor","Structured media engine","Deterministic timeline","SVG/PNG/JPG/WebP + animated pipeline","Focused Mockups suite","true","false","Full browser golden, asset-license, security/accessibility and provider-version verification remain required.","INCOMPLETE — implementation present; final quality gate not yet passed"
"Threads DM Typing Indicator Mockup","threads-dm-typing-indicator-mockup","threads","typing","Registry","light, dark, system","true","Shared Mockups renderer + platform adapter","Shared editor","Structured media engine","Deterministic timeline","SVG/PNG/JPG/WebP + animated pipeline","Focused Mockups suite","true","false","Full browser golden, asset-license, security/accessibility and provider-version verification remain required.","INCOMPLETE — implementation present; final quality gate not yet passed"
"Threads DM Video Call Mockup","threads-dm-video-call-mockup","threads","video","Registry","light, dark, system","true","Shared Mockups renderer + platform adapter","Shared editor","Structured media engine","Deterministic timeline","SVG/PNG/JPG/WebP + animated pipeline","Focused Mockups suite","true","false","Full browser golden, asset-license, security/accessibility and provider-version verification remain required.","INCOMPLETE — implementation present; final quality gate not yet passed"
"Threads DM Voice Note Mockup","threads-dm-voice-note-mockup","threads","voice","Registry","light, dark, system","true","Shared Mockups renderer + platform adapter","Shared editor","Structured media engine","Deterministic timeline","SVG/PNG/JPG/WebP + animated pipeline","Focused Mockups suite","true","false","Full browser golden, asset-license, security/accessibility and provider-version verification remain required.","INCOMPLETE — implementation present; final quality gate not yet passed"
"Threads Post Mockup","threads-post-mockup","threads-post","post","Registry","light, dark, system","true","Shared Mockups renderer + platform adapter","Shared editor","Structured media engine","Deterministic timeline","SVG/PNG/JPG/WebP + animated pipeline","Focused Mockups suite","true","false","Full browser golden, asset-license, security/accessibility and provider-version verification remain required.","INCOMPLETE — implementation present; final quality gate not yet passed"
"TikTok Chat Chat Mockup","tiktok-chat-chat-mockup","tiktok-chat","chat","Registry","light, dark, system","true","Shared Mockups renderer + platform adapter","Shared editor","Structured media engine","Deterministic timeline","SVG/PNG/JPG/WebP + animated pipeline","Focused Mockups suite","true","false","Full browser golden, asset-license, security/accessibility and provider-version verification remain required.","INCOMPLETE — implementation present; final quality gate not yet passed"
"TikTok Chat Conversation Mockup","tiktok-chat-conversation-mockup","tiktok-chat","conversation","Registry","light, dark, system","true","Shared Mockups renderer + platform adapter","Shared editor","Structured media engine","Deterministic timeline","SVG/PNG/JPG/WebP + animated pipeline","Focused Mockups suite","true","false","Full browser golden, asset-license, security/accessibility and provider-version verification remain required.","INCOMPLETE — implementation present; final quality gate not yet passed"
"TikTok Chat Group Chat Mockup","tiktok-chat-group-chat-mockup","tiktok-chat","group","Registry","light, dark, system","true","Shared Mockups renderer + platform adapter","Shared editor","Structured media engine","Deterministic timeline","SVG/PNG/JPG/WebP + animated pipeline","Focused Mockups suite","true","false","Full browser golden, asset-license, security/accessibility and provider-version verification remain required.","INCOMPLETE — implementation present; final quality gate not yet passed"
"TikTok Chat Mockup","tiktok-chat-mockup","tiktok-chat","chat","Registry","light, dark, system","true","Shared Mockups renderer + platform adapter","Shared editor","Structured media engine","Deterministic timeline","SVG/PNG/JPG/WebP + animated pipeline","Focused Mockups suite","true","false","Full browser golden, asset-license, security/accessibility and provider-version verification remain required.","INCOMPLETE — implementation present; final quality gate not yet passed"
"TikTok Chat Notification Mockup","tiktok-chat-notification-mockup","tiktok-chat","notification","Registry","light, dark, system","true","Shared Mockups renderer + platform adapter","Shared editor","Structured media engine","Deterministic timeline","SVG/PNG/JPG/WebP + animated pipeline","Focused Mockups suite","true","false","Full browser golden, asset-license, security/accessibility and provider-version verification remain required.","INCOMPLETE — implementation present; final quality gate not yet passed"
"TikTok Chat Read Receipt Mockup","tiktok-chat-read-receipt-mockup","tiktok-chat","receipt","Registry","light, dark, system","true","Shared Mockups renderer + platform adapter","Shared editor","Structured media engine","Deterministic timeline","SVG/PNG/JPG/WebP + animated pipeline","Focused Mockups suite","true","false","Full browser golden, asset-license, security/accessibility and provider-version verification remain required.","INCOMPLETE — implementation present; final quality gate not yet passed"
"TikTok Chat Typing Indicator Mockup","tiktok-chat-typing-indicator-mockup","tiktok-chat","typing","Registry","light, dark, system","true","Shared Mockups renderer + platform adapter","Shared editor","Structured media engine","Deterministic timeline","SVG/PNG/JPG/WebP + animated pipeline","Focused Mockups suite","true","false","Full browser golden, asset-license, security/accessibility and provider-version verification remain required.","INCOMPLETE — implementation present; final quality gate not yet passed"
"TikTok Chat Video Call Mockup","tiktok-chat-video-call-mockup","tiktok-chat","video","Registry","light, dark, system","true","Shared Mockups renderer + platform adapter","Shared editor","Structured media engine","Deterministic timeline","SVG/PNG/JPG/WebP + animated pipeline","Focused Mockups suite","true","false","Full browser golden, asset-license, security/accessibility and provider-version verification remain required.","INCOMPLETE — implementation present; final quality gate not yet passed"
"TikTok Chat Voice Note Mockup","tiktok-chat-voice-note-mockup","tiktok-chat","voice","Registry","light, dark, system","true","Shared Mockups renderer + platform adapter","Shared editor","Structured media engine","Deterministic timeline","SVG/PNG/JPG/WebP + animated pipeline","Focused Mockups suite","true","false","Full browser golden, asset-license, security/accessibility and provider-version verification remain required.","INCOMPLETE — implementation present; final quality gate not yet passed"
"TikTok Post Mockup","tiktok-post-mockup","tiktok-post","post","Registry","light, dark, system","true","Shared Mockups renderer + platform adapter","Shared editor","Structured media engine","Deterministic timeline","SVG/PNG/JPG/WebP + animated pipeline","Focused Mockups suite","true","false","Full browser golden, asset-license, security/accessibility and provider-version verification remain required.","INCOMPLETE — implementation present; final quality gate not yet passed"
"Tinder-style Chat Mockup","tinder-mockup","tinder","chat","Registry","light, dark, system","true","Shared Mockups renderer + platform adapter","Shared editor","Structured media engine","Deterministic timeline","SVG/PNG/JPG/WebP + animated pipeline","Focused Mockups suite","true","false","Full browser golden, asset-license, security/accessibility and provider-version verification remain required.","INCOMPLETE — implementation present; final quality gate not yet passed"
"WhatsApp Chat Mockup","whatsapp-chat-mockup","whatsapp","chat","Registry","light, dark, system","true","Shared Mockups renderer + platform adapter","Shared editor","Structured media engine","Deterministic timeline","SVG/PNG/JPG/WebP + animated pipeline","Focused Mockups suite","true","false","Full browser golden, asset-license, security/accessibility and provider-version verification remain required.","INCOMPLETE — implementation present; final quality gate not yet passed"
"WhatsApp Conversation Mockup","whatsapp-conversation-mockup","whatsapp","conversation","Registry","light, dark, system","true","Shared Mockups renderer + platform adapter","Shared editor","Structured media engine","Deterministic timeline","SVG/PNG/JPG/WebP + animated pipeline","Focused Mockups suite","true","false","Full browser golden, asset-license, security/accessibility and provider-version verification remain required.","INCOMPLETE — implementation present; final quality gate not yet passed"
"WhatsApp Group Chat Mockup","whatsapp-group-chat-mockup","whatsapp","group","Registry","light, dark, system","true","Shared Mockups renderer + platform adapter","Shared editor","Structured media engine","Deterministic timeline","SVG/PNG/JPG/WebP + animated pipeline","Focused Mockups suite","true","false","Full browser golden, asset-license, security/accessibility and provider-version verification remain required.","INCOMPLETE — implementation present; final quality gate not yet passed"
"WhatsApp Mockup","whatsapp-mockup","whatsapp","chat","Registry","light, dark, system","true","Shared Mockups renderer + platform adapter","Shared editor","Structured media engine","Deterministic timeline","SVG/PNG/JPG/WebP + animated pipeline","Focused Mockups suite","true","false","Full browser golden, asset-license, security/accessibility and provider-version verification remain required.","INCOMPLETE — implementation present; final quality gate not yet passed"
"WhatsApp Notification Mockup","whatsapp-notification-mockup","whatsapp","notification","Registry","light, dark, system","true","Shared Mockups renderer + platform adapter","Shared editor","Structured media engine","Deterministic timeline","SVG/PNG/JPG/WebP + animated pipeline","Focused Mockups suite","true","false","Full browser golden, asset-license, security/accessibility and provider-version verification remain required.","INCOMPLETE — implementation present; final quality gate not yet passed"
"WhatsApp Read Receipt Mockup","whatsapp-read-receipt-mockup","whatsapp","receipt","Registry","light, dark, system","true","Shared Mockups renderer + platform adapter","Shared editor","Structured media engine","Deterministic timeline","SVG/PNG/JPG/WebP + animated pipeline","Focused Mockups suite","true","false","Full browser golden, asset-license, security/accessibility and provider-version verification remain required.","INCOMPLETE — implementation present; final quality gate not yet passed"
"WhatsApp Typing Indicator Mockup","whatsapp-typing-indicator-mockup","whatsapp","typing","Registry","light, dark, system","true","Shared Mockups renderer + platform adapter","Shared editor","Structured media engine","Deterministic timeline","SVG/PNG/JPG/WebP + animated pipeline","Focused Mockups suite","true","false","Full browser golden, asset-license, security/accessibility and provider-version verification remain required.","INCOMPLETE — implementation present; final quality gate not yet passed"
"WhatsApp Video Call Mockup","whatsapp-video-call-mockup","whatsapp","video","Registry","light, dark, system","true","Shared Mockups renderer + platform adapter","Shared editor","Structured media engine","Deterministic timeline","SVG/PNG/JPG/WebP + animated pipeline","Focused Mockups suite","true","false","Full browser golden, asset-license, security/accessibility and provider-version verification remain required.","INCOMPLETE — implementation present; final quality gate not yet passed"
"WhatsApp Voice Note Mockup","whatsapp-voice-note-mockup","whatsapp","voice","Registry","light, dark, system","true","Shared Mockups renderer + platform adapter","Shared editor","Structured media engine","Deterministic timeline","SVG/PNG/JPG/WebP + animated pipeline","Focused Mockups suite","true","false","Full browser golden, asset-license, security/accessibility and provider-version verification remain required.","INCOMPLETE — implementation present; final quality gate not yet passed"
"X DM Chat Mockup","x-dm-chat-mockup","x-dm","chat","Registry","light, dark, system","true","Shared Mockups renderer + platform adapter","Shared editor","Structured media engine","Deterministic timeline","SVG/PNG/JPG/WebP + animated pipeline","Focused Mockups suite","true","false","Full browser golden, asset-license, security/accessibility and provider-version verification remain required.","INCOMPLETE — implementation present; final quality gate not yet passed"
"X DM Conversation Mockup","x-dm-conversation-mockup","x-dm","conversation","Registry","light, dark, system","true","Shared Mockups renderer + platform adapter","Shared editor","Structured media engine","Deterministic timeline","SVG/PNG/JPG/WebP + animated pipeline","Focused Mockups suite","true","false","Full browser golden, asset-license, security/accessibility and provider-version verification remain required.","INCOMPLETE — implementation present; final quality gate not yet passed"
"X DM Group Chat Mockup","x-dm-group-chat-mockup","x-dm","group","Registry","light, dark, system","true","Shared Mockups renderer + platform adapter","Shared editor","Structured media engine","Deterministic timeline","SVG/PNG/JPG/WebP + animated pipeline","Focused Mockups suite","true","false","Full browser golden, asset-license, security/accessibility and provider-version verification remain required.","INCOMPLETE — implementation present; final quality gate not yet passed"
"X DM Notification Mockup","x-dm-notification-mockup","x-dm","notification","Registry","light, dark, system","true","Shared Mockups renderer + platform adapter","Shared editor","Structured media engine","Deterministic timeline","SVG/PNG/JPG/WebP + animated pipeline","Focused Mockups suite","true","false","Full browser golden, asset-license, security/accessibility and provider-version verification remain required.","INCOMPLETE — implementation present; final quality gate not yet passed"
"X DM Read Receipt Mockup","x-dm-read-receipt-mockup","x-dm","receipt","Registry","light, dark, system","true","Shared Mockups renderer + platform adapter","Shared editor","Structured media engine","Deterministic timeline","SVG/PNG/JPG/WebP + animated pipeline","Focused Mockups suite","true","false","Full browser golden, asset-license, security/accessibility and provider-version verification remain required.","INCOMPLETE — implementation present; final quality gate not yet passed"
"X DM Typing Indicator Mockup","x-dm-typing-indicator-mockup","x-dm","typing","Registry","light, dark, system","true","Shared Mockups renderer + platform adapter","Shared editor","Structured media engine","Deterministic timeline","SVG/PNG/JPG/WebP + animated pipeline","Focused Mockups suite","true","false","Full browser golden, asset-license, security/accessibility and provider-version verification remain required.","INCOMPLETE — implementation present; final quality gate not yet passed"
"X DM Video Call Mockup","x-dm-video-call-mockup","x-dm","video","Registry","light, dark, system","true","Shared Mockups renderer + platform adapter","Shared editor","Structured media engine","Deterministic timeline","SVG/PNG/JPG/WebP + animated pipeline","Focused Mockups suite","true","false","Full browser golden, asset-license, security/accessibility and provider-version verification remain required.","INCOMPLETE — implementation present; final quality gate not yet passed"
"X DM Voice Note Mockup","x-dm-voice-note-mockup","x-dm","voice","Registry","light, dark, system","true","Shared Mockups renderer + platform adapter","Shared editor","Structured media engine","Deterministic timeline","SVG/PNG/JPG/WebP + animated pipeline","Focused Mockups suite","true","false","Full browser golden, asset-license, security/accessibility and provider-version verification remain required.","INCOMPLETE — implementation present; final quality gate not yet passed"
"X Post Mockup","x-post-mockup","x-post","post","Registry","light, dark, system","true","Shared Mockups renderer + platform adapter","Shared editor","Structured media engine","Deterministic timeline","SVG/PNG/JPG/WebP + animated pipeline","Focused Mockups suite","true","false","Full browser golden, asset-license, security/accessibility and provider-version verification remain required.","INCOMPLETE — implementation present; final quality gate not yet passed"
"X / Twitter DM Mockup","x-dm-mockup","x-dm","chat","Registry","light, dark, system","true","Shared Mockups renderer + platform adapter","Shared editor","Structured media engine","Deterministic timeline","SVG/PNG/JPG/WebP + animated pipeline","Focused Mockups suite","true","false","Full browser golden, asset-license, security/accessibility and provider-version verification remain required.","INCOMPLETE — implementation present; final quality gate not yet passed"
"YouTube Community Post Mockup","youtube-community-mockup","youtube-community","chat","Registry","light, dark, system","true","Shared Mockups renderer + platform adapter","Shared editor","Structured media engine","Deterministic timeline","SVG/PNG/JPG/WebP + animated pipeline","Focused Mockups suite","true","false","Full browser golden, asset-license, security/accessibility and provider-version verification remain required.","INCOMPLETE — implementation present; final quality gate not yet passed"